datetime,Actual,Forecast
2024-03-30 00:00:00+00:00,0.501761,0.501179
2024-03-30 00:15:00+00:00,0.501761,0.504282
2024-03-30 00:30:00+00:00,0.501761,0.505356
2024-03-30 00:45:00+00:00,0.501761,0.501118
2024-03-30 01:00:00+00:00,0.501761,0.502845
2024-03-30 01:15:00+00:00,0.501761,0.500648
2024-03-30 01:30:00+00:00,0.501761,0.503377
2024-03-30 01:45:00+00:00,0.501761,0.502138
2024-03-30 02:00:00+00:00,0.501761,0.503925
2024-03-30 02:15:00+00:00,0.501761,0.502872
2024-03-30 02:30:00+00:00,0.501761,0.502110
2024-03-30 02:45:00+00:00,0.501761,0.503099
2024-03-30 03:00:00+00:00,0.501761,0.504876
2024-03-30 03:15:00+00:00,0.501761,0.504874
2024-03-30 03:30:00+00:00,0.501761,0.501392
2024-03-30 03:45:00+00:00,0.501761,0.501256
2024-03-30 04:00:00+00:00,0.501761,0.500747
2024-03-30 04:15:00+00:00,0.501761,0.502429
2024-03-30 04:30:00+00:00,0.501761,0.501325
2024-03-30 04:45:00+00:00,0.501761,0.500245
2024-03-30 05:00:00+00:00,0.501761,0.497858
2024-03-30 05:15:00+00:00,0.501761,0.494514
2024-03-30 05:30:00+00:00,0.501761,0.493932
2024-03-30 05:45:00+00:00,0.501761,0.493264
2024-03-30 06:00:00+00:00,0.501761,0.490186
2024-03-30 06:15:00+00:00,0.501761,0.493142
2024-03-30 06:30:00+00:00,0.501767,0.487565
2024-03-30 06:45:00+00:00,0.501754,0.486956
2024-03-30 07:00:00+00:00,0.501772,0.479922
2024-03-30 07:15:00+00:00,0.460157,0.478985
2024-03-30 07:30:00+00:00,0.501083,0.474742
2024-03-30 07:45:00+00:00,0.501092,0.476160
2024-03-30 08:00:00+00:00,0.501080,0.475640
2024-03-30 08:15:00+00:00,0.501090,0.478283
2024-03-30 08:30:00+00:00,0.501085,0.477873
2024-03-30 08:45:00+00:00,0.501102,0.476352
2024-03-30 09:00:00+00:00,0.501094,0.470171
2024-03-30 09:15:00+00:00,0.490470,0.466820
2024-03-30 09:30:00+00:00,0.499605,0.467890
2024-03-30 09:45:00+00:00,0.498537,0.467995
2024-03-30 10:00:00+00:00,0.501110,0.468007
2024-03-30 10:15:00+00:00,0.501079,0.468346
2024-03-30 10:30:00+00:00,0.501033,0.467900
2024-03-30 10:45:00+00:00,0.495409,0.466122
2024-03-30 11:00:00+00:00,0.490081,0.466761
2024-03-30 11:15:00+00:00,0.497477,0.464683
2024-03-30 11:30:00+00:00,0.477399,0.466426
2024-03-30 11:45:00+00:00,0.477988,0.463800
2024-03-30 12:00:00+00:00,0.476751,0.466877
2024-03-30 12:15:00+00:00,0.460875,0.466135
2024-03-30 12:30:00+00:00,0.357750,0.467705
2024-03-30 12:45:00+00:00,0.294964,0.469868
2024-03-30 13:00:00+00:00,0.280423,0.474435
2024-03-30 13:15:00+00:00,0.281497,0.476582
2024-03-30 13:30:00+00:00,0.199487,0.468184
2024-03-30 13:45:00+00:00,0.190214,0.468805
2024-03-30 14:00:00+00:00,0.186351,0.471961
2024-03-30 14:15:00+00:00,0.204268,0.474433
2024-03-30 14:30:00+00:00,0.182667,0.480432
2024-03-30 14:45:00+00:00,0.173741,0.486391
2024-03-30 15:00:00+00:00,0.446388,0.490117
2024-03-30 15:15:00+00:00,0.445832,0.491741
2024-03-30 15:30:00+00:00,0.472048,0.490627
2024-03-30 15:45:00+00:00,0.481251,0.489030
2024-03-30 16:00:00+00:00,0.498733,0.490207
2024-03-30 16:15:00+00:00,0.557371,0.487734
2024-03-30 16:30:00+00:00,0.609328,0.486288
2024-03-30 16:45:00+00:00,0.570069,0.493810
2024-03-30 17:00:00+00:00,0.572967,0.497700
2024-03-30 17:15:00+00:00,0.559330,0.502334
2024-03-30 17:30:00+00:00,0.568108,0.502772
2024-03-30 17:45:00+00:00,0.585653,0.507209
2024-03-30 18:00:00+00:00,0.584526,0.512675
2024-03-30 18:15:00+00:00,0.588322,0.514594
2024-03-30 18:30:00+00:00,0.586222,0.515876
2024-03-30 18:45:00+00:00,0.589156,0.513886
2024-03-30 19:00:00+00:00,0.627476,0.511161
2024-03-30 19:15:00+00:00,0.613564,0.511051
2024-03-30 19:30:00+00:00,0.607218,0.512000
2024-03-30 19:45:00+00:00,0.621391,0.510858
2024-03-30 20:00:00+00:00,0.624063,0.508995
2024-03-30 20:15:00+00:00,0.627138,0.510051
2024-03-30 20:30:00+00:00,0.616801,0.509403
2024-03-30 20:45:00+00:00,0.610369,0.509711
2024-03-30 21:00:00+00:00,0.611033,0.506253
2024-03-30 21:15:00+00:00,0.602104,0.506823
2024-03-30 21:30:00+00:00,0.606184,0.505886
2024-03-30 21:45:00+00:00,0.605800,0.504587
2024-03-30 22:00:00+00:00,0.604447,0.505379
2024-03-30 22:15:00+00:00,0.592931,0.501422
2024-03-30 22:30:00+00:00,0.588171,0.500715
2024-03-30 22:45:00+00:00,0.588522,0.500250
2024-03-30 23:00:00+00:00,0.603448,0.497576
2024-03-30 23:15:00+00:00,0.598068,0.495250
2024-03-30 23:30:00+00:00,0.594450,0.495443
2024-03-30 23:45:00+00:00,0.510115,0.499189
2024-03-31 00:00:00+00:00,0.375731,0.498953
2024-03-31 00:15:00+00:00,0.332843,0.496895
2024-03-31 00:30:00+00:00,0.332848,0.500854
2024-03-31 00:45:00+00:00,0.332865,0.499738
2024-03-31 01:00:00+00:00,0.332969,0.500072
2024-03-31 01:15:00+00:00,0.332864,0.498523
2024-03-31 01:30:00+00:00,0.333043,0.498737
2024-03-31 01:45:00+00:00,0.332997,0.497538
2024-03-31 02:00:00+00:00,0.333035,0.501219
2024-03-31 02:15:00+00:00,0.332872,0.500890
2024-03-31 02:30:00+00:00,0.332830,0.503851
2024-03-31 02:45:00+00:00,0.332848,0.500735
2024-03-31 03:00:00+00:00,0.332924,0.494960
2024-03-31 03:15:00+00:00,0.332829,0.494151
2024-03-31 03:30:00+00:00,0.332821,0.494296
2024-03-31 03:45:00+00:00,0.332838,0.499025
2024-03-31 04:00:00+00:00,0.332870,0.498634
2024-03-31 04:15:00+00:00,0.332876,0.500820
2024-03-31 04:30:00+00:00,0.488473,0.501307
2024-03-31 04:45:00+00:00,0.502006,0.497447
2024-03-31 05:00:00+00:00,0.501992,0.491293
2024-03-31 05:15:00+00:00,0.501987,0.490588
2024-03-31 05:30:00+00:00,0.501978,0.490958
2024-03-31 05:45:00+00:00,0.501983,0.493017
2024-03-31 06:00:00+00:00,0.501988,0.491274
2024-03-31 06:15:00+00:00,0.501988,0.488045
2024-03-31 06:30:00+00:00,0.501990,0.487872
2024-03-31 06:45:00+00:00,0.501989,0.483398
2024-03-31 07:00:00+00:00,0.501999,0.477020
2024-03-31 07:15:00+00:00,0.502005,0.475492
2024-03-31 07:30:00+00:00,0.502016,0.472460
2024-03-31 07:45:00+00:00,0.502016,0.474355
2024-03-31 08:00:00+00:00,0.502019,0.476180
2024-03-31 08:15:00+00:00,0.502018,0.470739
2024-03-31 08:30:00+00:00,0.502040,0.475556
2024-03-31 08:45:00+00:00,0.502047,0.478087
2024-03-31 09:00:00+00:00,0.502043,0.474174
2024-03-31 09:15:00+00:00,0.502050,0.471192
2024-03-31 09:30:00+00:00,0.502023,0.466407
2024-03-31 09:45:00+00:00,0.502035,0.465061
2024-03-31 10:00:00+00:00,0.502015,0.464391
2024-03-31 10:15:00+00:00,0.453123,0.464656
2024-03-31 10:30:00+00:00,0.502042,0.465094
2024-03-31 10:45:00+00:00,0.502051,0.463648
2024-03-31 11:00:00+00:00,0.502034,0.464341
2024-03-31 11:15:00+00:00,0.502013,0.462681
2024-03-31 11:30:00+00:00,0.502007,0.461960
2024-03-31 11:45:00+00:00,0.502012,0.458253
2024-03-31 12:00:00+00:00,0.502005,0.462667
2024-03-31 12:15:00+00:00,0.502000,0.464241
2024-03-31 12:30:00+00:00,0.501992,0.467114
2024-03-31 12:45:00+00:00,0.502002,0.465269
2024-03-31 13:00:00+00:00,0.501990,0.465038
2024-03-31 13:15:00+00:00,0.501981,0.467231
2024-03-31 13:30:00+00:00,0.501982,0.473028
2024-03-31 13:45:00+00:00,0.501968,0.471982
2024-03-31 14:00:00+00:00,0.844008,0.475128
2024-03-31 14:15:00+00:00,0.689400,0.473134
2024-03-31 14:30:00+00:00,0.161302,0.478425
2024-03-31 14:45:00+00:00,0.259426,0.479229
2024-03-31 15:00:00+00:00,0.502118,0.483456
2024-03-31 15:15:00+00:00,0.502107,0.483647
2024-03-31 15:30:00+00:00,0.502086,0.489173
2024-03-31 15:45:00+00:00,0.502073,0.486825
2024-03-31 16:00:00+00:00,0.737800,0.486884
2024-03-31 16:15:00+00:00,0.854888,0.490489
2024-03-31 16:30:00+00:00,0.530907,0.492023
2024-03-31 16:45:00+00:00,0.564866,0.495622
2024-03-31 17:00:00+00:00,0.925959,0.503631
2024-03-31 17:15:00+00:00,0.937664,0.506826
2024-03-31 17:30:00+00:00,0.921676,0.514277
2024-03-31 17:45:00+00:00,0.899245,0.511757
2024-03-31 18:00:00+00:00,0.995430,0.510295
2024-03-31 18:15:00+00:00,0.576068,0.511088
2024-03-31 18:30:00+00:00,0.469456,0.508005
2024-03-31 18:45:00+00:00,0.463232,0.507341
2024-03-31 19:00:00+00:00,0.479188,0.505630
2024-03-31 19:15:00+00:00,0.501761,0.507425
2024-03-31 19:30:00+00:00,0.501761,0.509670
2024-03-31 19:45:00+00:00,0.501761,0.510185
2024-03-31 20:00:00+00:00,0.501761,0.507873
2024-03-31 20:15:00+00:00,0.501761,0.506534
2024-03-31 20:30:00+00:00,0.501761,0.509767
2024-03-31 20:45:00+00:00,0.501761,0.509911
2024-03-31 21:00:00+00:00,0.501761,0.510941
2024-03-31 21:15:00+00:00,0.501761,0.511458
2024-03-31 21:30:00+00:00,0.501761,0.510076
2024-03-31 21:45:00+00:00,0.501761,0.506779
2024-03-31 22:00:00+00:00,0.501761,0.502959
2024-03-31 22:15:00+00:00,0.501761,0.502472
2024-03-31 22:30:00+00:00,0.501761,0.504174
2024-03-31 22:45:00+00:00,0.501761,0.505705
2024-03-31 23:00:00+00:00,0.501761,0.501421
2024-03-31 23:15:00+00:00,0.501761,0.501868
2024-03-31 23:30:00+00:00,0.501761,0.503029
2024-03-31 23:45:00+00:00,0.501761,0.500680
